{
  "auc_pr": 0.998349628500566,
  "f1@best_f2": 0.9954954954954955,
  "best_threshold": 0.010111737065017223
}