{
  "rmse_log": 2.332961336534182,
  "mae_log": 1.8229029013076041
}