{
  "rmse_log": 2.629117280431518,
  "mae_log": 2.0890769359959673
}