{
  "auc_pr": 1.0,
  "f1@best_f2": 0.9970674486803519,
  "best_threshold": 0.008903133682906628
}