{
  "auc_pr": 1.0,
  "f1@best_f2": 0.9977827050997783,
  "best_threshold": 0.0018093109829351306
}