{
  "rmse_log": 2.42192122062208,
  "mae_log": 1.961122097813552
}