{
  "auc_pr": 1.0,
  "best_threshold": 0.03665431588888168,
  "precision": 0.995575221238938,
  "recall": 1.0,
  "f1_score": 0.9977827050997783,
  "accuracy": 0.9996234939759037
}