{
  "auc_pr": 1.0,
  "best_threshold": 0.029413633048534393,
  "precision": 0.995475113122172,
  "recall": 1.0,
  "f1_score": 0.9977324263038548,
  "accuracy": 0.999553770638108
}