{
  "auc_pr": 1.0,
  "f1@best_f2": 0.9977324263038548,
  "best_threshold": 0.0028599603101611137
}