{
  "rmse_log": 2.855555808357744,
  "mae_log": 2.3768265058056275
}